DATE,GOLDPMGBD228NLBM
9/30/2016,1322.5
10/3/2016,1313.3
10/4/2016,1283.3
10/5/2016,1269.4
10/6/2016,1254.5
10/7/2016,1258.75
10/10/2016,1259.5
10/11/2016,1253.45
10/12/2016,1256.5
10/13/2016,1261.05
10/14/2016,1251.75
10/17/2016,1254.8
10/18/2016,1258.2
10/19/2016,1269.05
10/20/2016,1271.65
10/21/2016,1266.05
10/24/2016,1265.55
10/25/2016,1269.4
10/26/2016,1270.5
10/27/2016,1266.25
10/28/2016,1273
10/31/2016,1272
11/1/2016,1288.45
11/2/2016,1303.75
11/3/2016,1301
11/4/2016,1302.8
11/7/2016,1283.05
11/8/2016,1282.35
11/9/2016,1281.4
11/10/2016,1267.5
11/11/2016,1236.45
11/14/2016,1213.6
11/15/2016,1226.95
11/16/2016,1229.2
11/17/2016,1226.75
11/18/2016,1211
11/21/2016,1214.25
11/22/2016,1212.25
11/23/2016,1185.35
11/24/2016,1186.1
11/25/2016,1187.7
11/28/2016,1187
11/29/2016,1186.55
11/30/2016,1178.1
12/1/2016,1161.85
12/2/2016,1173.5
12/5/2016,1162.2
12/6/2016,1172.5
12/7/2016,1177.65
12/8/2016,1171.05
12/9/2016,1163.6
12/12/2016,1156.1
12/13/2016,1158.55
12/14/2016,1162.25
12/15/2016,1126.95
12/16/2016,1131.6
12/19/2016,1136.25
12/20/2016,1125.7
12/21/2016,1133.65
12/22/2016,1131.35
12/23/2016,.
12/26/2016,.
12/27/2016,.
12/28/2016,1134.6
12/29/2016,1145.9
12/30/2016,.
1/2/2017,.
1/3/2017,1151
1/4/2017,1164.25
1/5/2017,1176.7
1/6/2017,1175.85
1/9/2017,1178.5
1/10/2017,1189.5
1/11/2017,1178.55
1/12/2017,1205.05
1/13/2017,1190.35
1/16/2017,1203
1/17/2017,1216.05
1/18/2017,1214.75
1/19/2017,1196.05
1/20/2017,1200.55
1/23/2017,1212.85
1/24/2017,1216.8
1/25/2017,1195
1/26/2017,1189.7
1/27/2017,1184.85
1/30/2017,1192.8
1/31/2017,1212.8
2/1/2017,1203.65
2/2/2017,1221.95
2/3/2017,1215.2
2/6/2017,1226.75
2/7/2017,1231
2/8/2017,1242.1
2/9/2017,1236.8
2/10/2017,1228.3
2/13/2017,1222.25
2/14/2017,1230.75
2/15/2017,1224.4
2/16/2017,1240.55
2/17/2017,1241.95
2/20/2017,1237.3
2/21/2017,1233.2
2/22/2017,1236.65
2/23/2017,1247.9
2/24/2017,1253.65
2/27/2017,1257.2
2/28/2017,1255.6
3/1/2017,1240.4
3/2/2017,1238.1
3/3/2017,1226.5
3/6/2017,1230.95
3/7/2017,1216.65
3/8/2017,1209.2
3/9/2017,1206.55
3/10/2017,1202.65
3/13/2017,1204.2
3/14/2017,1204.6
3/15/2017,1198.8
3/16/2017,1229.35
3/17/2017,1229.6
3/20/2017,1232.4
3/21/2017,1241.6
3/22/2017,1249.05
3/23/2017,1247.5
3/24/2017,1247.5
3/27/2017,1257.55
3/28/2017,1257.25
3/29/2017,1251.1
3/30/2017,1248.8
3/31/2017,1244.85
4/3/2017,1247.25
4/4/2017,1257.65
4/5/2017,1245.8
4/6/2017,1252.5
4/7/2017,1266.45
4/10/2017,1250.05
4/11/2017,1252.9
4/12/2017,1274.3
4/13/2017,1284.15
4/14/2017,.
4/17/2017,.
4/18/2017,1278.95
4/19/2017,1279.05
4/20/2017,1282.1
4/21/2017,1281.85
4/24/2017,1269.4
4/25/2017,1267.8
4/26/2017,1261.85
4/27/2017,1262.8
4/28/2017,1266.45
5/1/2017,.
5/2/2017,1255.45
5/3/2017,1250.3
5/4/2017,1228.45
5/5/2017,1228.05
5/8/2017,1229.8
5/9/2017,1220.4
5/10/2017,1222.95
5/11/2017,1223.15
5/12/2017,1231.25
5/15/2017,1233.3
5/16/2017,1234.2
5/17/2017,1257.4
5/18/2017,1255.9
5/19/2017,1252
5/22/2017,1258.85
5/23/2017,1260.2
5/24/2017,1252.55
5/25/2017,1256.95
5/26/2017,1265.05
5/29/2017,.
5/30/2017,1262.7
5/31/2017,1266.2
6/1/2017,1264.85
6/2/2017,1274.95
6/5/2017,1279.95
6/6/2017,1293.5
6/7/2017,1291
6/8/2017,1273.1
6/9/2017,1266.55
6/12/2017,1266.4
6/13/2017,1262
6/14/2017,1275.5
6/15/2017,1254.55
6/16/2017,1255.4
6/19/2017,1248.15
6/20/2017,1242.2
6/21/2017,1242.5
6/22/2017,1250.8
6/23/2017,1255.7
6/26/2017,1245.25
6/27/2017,1249.55
6/28/2017,1248
6/29/2017,1243.5
6/30/2017,1242.25
7/3/2017,1229.25
7/4/2017,1223.75
7/5/2017,1220.3
7/6/2017,1224.9
7/7/2017,1215.65
7/10/2017,1211.9
7/11/2017,1211.05
7/12/2017,1218.8
7/13/2017,1218.9
7/14/2017,1230.3
7/17/2017,1234.1
7/18/2017,1240.75
7/19/2017,1242.15
7/20/2017,1238.7
7/21/2017,1248.55
7/24/2017,1255.55
7/25/2017,1254.4
7/26/2017,1248.1
7/27/2017,1261.1
7/28/2017,1264.9
7/31/2017,1267.55
8/1/2017,1270.95
8/2/2017,1269.6
8/3/2017,1268.1
8/4/2017,1257.7
8/7/2017,1258
8/8/2017,1261.8
8/9/2017,1271.05
8/10/2017,1284.4
8/11/2017,1286.1
8/14/2017,1282.3
8/15/2017,.
8/16/2017,1272.75
8/17/2017,1285.15
8/18/2017,1295.8
8/21/2017,1292.9
8/22/2017,1284.2
8/23/2017,1286.65
8/24/2017,1289
8/25/2017,1285.3
8/28/2017,.
8/29/2017,1318.65
8/30/2017,1308.5
8/31/2017,1311.75
9/1/2017,1320.4
9/4/2017,1333.1
9/5/2017,1335.55
9/6/2017,1337.85
9/7/2017,1343.5
9/8/2017,1346.25
9/11/2017,1334.2
9/12/2017,1326.5
9/13/2017,1327.55
9/14/2017,1324.55
9/15/2017,1322.85
9/18/2017,1312.1
9/19/2017,1309.6
9/20/2017,1311.3
9/21/2017,1292.1
9/22/2017,1294.8
9/25/2017,1293.3
9/26/2017,1300.05
9/27/2017,1282.55
9/28/2017,1283.35
9/29/2017,1283.1
10/2/2017,1273.7
10/3/2017,1271.25
10/4/2017,1274.25
10/5/2017,1274.5
10/6/2017,1261.8
10/9/2017,1278.75
10/10/2017,1291.4
10/11/2017,1289.25
10/12/2017,1290.25
10/13/2017,1299.6
10/16/2017,1303.3
10/17/2017,1284.75
10/18/2017,1280.2
10/19/2017,1286.4
10/20/2017,1281.2
10/23/2017,1274.9
10/24/2017,1276.45
10/25/2017,1275
10/26/2017,1273.75
10/27/2017,1266.45
10/30/2017,1272
10/31/2017,1270.15
11/1/2017,1277.05
11/2/2017,1279.2
11/3/2017,1267.2
11/6/2017,1270.9
11/7/2017,1275.6
11/8/2017,1284
11/9/2017,1284.8
11/10/2017,1284.3
11/13/2017,1277.95
11/14/2017,1274.6
11/15/2017,1282.2
11/16/2017,1280
11/17/2017,1284.35
11/20/2017,1286.2
11/21/2017,1283.3
11/22/2017,1286.95
11/23/2017,1290.35
11/24/2017,1290.5
11/27/2017,1294.9
11/28/2017,1291.85
11/29/2017,1283.85
11/30/2017,1280.2
12/1/2017,1275.5
12/4/2017,1273.45
12/5/2017,1266.3
12/6/2017,1263.7
12/7/2017,1255
12/8/2017,1250.65
12/11/2017,1247.15
12/12/2017,1240.9
12/13/2017,1242.65
12/14/2017,1251
12/15/2017,1254.6
12/18/2017,1260.6
12/19/2017,1260.35
12/20/2017,1264.55
12/21/2017,1264.55
12/22/2017,.
12/25/2017,.
12/26/2017,.
12/27/2017,1279.4
12/28/2017,1291
12/29/2017,.
1/1/2018,.
1/2/2018,1312.05
1/3/2018,1314.9
1/4/2018,1314.5
1/5/2018,1317.15
1/8/2018,1319.95
1/9/2018,1311
1/10/2018,1319.75
1/11/2018,1323.05
1/12/2018,1326.8
1/15/2018,1339.25
1/16/2018,1333.85
1/17/2018,1335.65
1/18/2018,1332.2
1/19/2018,1334.95
1/22/2018,1332.6
1/23/2018,1333.4
1/24/2018,1353.7
1/25/2018,1354.95
1/26/2018,1353.15
1/29/2018,1343.85
1/30/2018,1344.9
1/31/2018,1345.05
2/1/2018,1341.35
2/2/2018,1331.15
2/5/2018,1333.6
2/6/2018,1331.4
2/7/2018,1324.65
2/8/2018,1315.45
2/9/2018,1314.1
2/12/2018,1322.3
2/13/2018,1325.35
2/14/2018,1336.25
2/15/2018,1352.45
2/16/2018,1352.1
2/19/2018,1346.6
2/20/2018,1339.85
2/21/2018,1330.5
2/22/2018,1328.35
2/23/2018,1327.95
2/26/2018,1333.5
2/27/2018,1325.75
2/28/2018,1317.85
3/1/2018,1307.75
3/2/2018,1322.3
3/5/2018,1320.4
3/6/2018,1331.4
3/7/2018,1329.4
3/8/2018,1321
3/9/2018,1320.6
3/12/2018,1319.15
3/13/2018,1322.75
3/14/2018,1323.55
3/15/2018,1318.75
3/16/2018,1310.1
3/19/2018,1312.4
3/20/2018,1311
3/21/2018,1321.35
3/22/2018,1329.15
3/23/2018,1346.6
3/26/2018,1352.4
3/27/2018,1341.45
3/28/2018,1332.45
3/29/2018,1323.85
3/30/2018,.
4/2/2018,.
4/3/2018,1333.45
4/4/2018,1337.3
4/5/2018,1327.7
4/6/2018,1331.2
4/9/2018,1331.95
4/10/2018,1338.95
4/11/2018,1350.75
4/12/2018,1341.35
4/13/2018,1343.7
4/16/2018,1349.35
4/17/2018,1342.1
4/18/2018,1351.45
4/19/2018,1348.6
4/20/2018,1336.75
4/23/2018,1324.3
4/24/2018,1328.85
4/25/2018,1321.65
4/26/2018,1320.7
4/27/2018,1321.5
4/30/2018,1313.2
5/1/2018,1307.1
5/2/2018,1304.2
5/3/2018,1315.05
5/4/2018,1309.4
5/7/2018,.
5/8/2018,1306.6
5/9/2018,1313.85
5/10/2018,1318.8
5/11/2018,1324.35
5/14/2018,1319.85
5/15/2018,1295
5/16/2018,1291.25
5/17/2018,1289.5
5/18/2018,1288.3
5/21/2018,1288.35
5/22/2018,1293.05
5/23/2018,1289
5/24/2018,1304.85
5/25/2018,1303.5
5/28/2018,.
5/29/2018,1295.5
5/30/2018,1300.7
5/31/2018,1305.35
6/1/2018,1294.6
6/4/2018,1295.45
6/5/2018,1292.05
6/6/2018,1300.1
6/7/2018,1297.25
6/8/2018,1298.25
6/11/2018,1299.6
6/12/2018,1298.65
6/13/2018,1296.15
6/14/2018,1302.75
6/15/2018,1285.25
6/18/2018,1281.55
6/19/2018,1276.15
6/20/2018,1274.2
6/21/2018,1266.15
6/22/2018,1269.15
6/25/2018,1268.7
6/26/2018,1260.3
6/27/2018,1254.6
6/28/2018,1251.55
6/29/2018,1250.45
7/2/2018,1247.8
7/3/2018,1251.75
7/4/2018,1255.65
7/5/2018,1255.5
7/6/2018,1255.35
7/9/2018,1262.05
7/10/2018,1254
7/11/2018,1251.4
7/12/2018,1245.9
7/13/2018,1241.7
7/16/2018,1241.1
7/17/2018,1232.8
7/18/2018,1224.5
7/19/2018,1217.55
7/20/2018,1228.75
7/23/2018,1224.95
7/24/2018,1228.35
7/25/2018,1231.5
7/26/2018,1228.25
7/27/2018,1223.95
7/30/2018,1223.8
7/31/2018,1220.95
8/1/2018,1219
8/2/2018,1215.45
8/3/2018,1216.3
8/6/2018,1209.65
8/7/2018,1212.35
8/8/2018,1209.55
8/9/2018,1214.35
8/10/2018,1214.4
8/13/2018,1200.35
8/14/2018,1197
8/15/2018,1182
8/16/2018,1180.4
8/17/2018,1178.4
8/20/2018,1184.35
8/21/2018,1190.95
8/22/2018,1196.65
8/23/2018,1192.35
8/24/2018,1197.7
8/27/2018,.
8/28/2018,1212.25
8/29/2018,1204.2
8/30/2018,1197.3
8/31/2018,1202.45
9/3/2018,1200.05
9/4/2018,1190.85
9/5/2018,1196.7
9/6/2018,1205.15
9/7/2018,1198.9
9/10/2018,1196.6
9/11/2018,1189.85
9/12/2018,1195.6
9/13/2018,1209.8
9/14/2018,1201.95
9/17/2018,1201.9
9/18/2018,1200.2
9/19/2018,1203.3
9/20/2018,1208.35
9/21/2018,1198.7
9/24/2018,1202.75
9/25/2018,1201.9
9/26/2018,1194.25
9/27/2018,1185.4
9/28/2018,1187.25
10/1/2018,1189.35
10/2/2018,1204.7
10/3/2018,1201.2
10/4/2018,1203.45
10/5/2018,1203.8
10/8/2018,1186.95
10/9/2018,1185.55
10/10/2018,1188.6
10/11/2018,1205.55
10/12/2018,1219.75
10/15/2018,1229.95
10/16/2018,1230.7
10/17/2018,1229.05
10/18/2018,1223
10/19/2018,1227.85
10/22/2018,1222.3
10/23/2018,1235.95
10/24/2018,1230.55
10/25/2018,1230.8
10/26/2018,1233.85
10/29/2018,1230.8
10/30/2018,1225.4
10/31/2018,1214.95
11/1/2018,1231.15
11/2/2018,1232.1
11/5/2018,1232.25
11/6/2018,1231.6
11/7/2018,1229.95
11/8/2018,1224.15
11/9/2018,1211.4
11/12/2018,1205.55
11/13/2018,1202.1
11/14/2018,1203.25
11/15/2018,1211.85
11/16/2018,1222.4
11/19/2018,1221.6
11/20/2018,1223
11/21/2018,1226.1
11/22/2018,1227.05
11/23/2018,1223.65
11/26/2018,1223.4
11/27/2018,1221.2
11/28/2018,1213.25
11/29/2018,1226.25
11/30/2018,1217.55
12/3/2018,1230.3
12/4/2018,1240.3
12/5/2018,1235.9
12/6/2018,1242.55
12/7/2018,1243.3
12/10/2018,1245.35
12/11/2018,1245.3
12/12/2018,1245.75
12/13/2018,1242.75
12/14/2018,1235.35
12/17/2018,1241.65
12/18/2018,1246.3
12/19/2018,1255
12/20/2018,1259.75
12/21/2018,1258.15
12/24/2018,.
12/25/2018,.
12/26/2018,.
12/27/2018,1268
12/28/2018,1279
12/31/2018,.
1/1/2019,.
1/2/2019,1282.9
1/3/2019,1290.45
1/4/2019,1279.9
1/7/2019,1292.2
1/8/2019,1286.45
1/9/2019,1288.6
1/10/2019,1291.9
1/11/2019,1288.95
1/14/2019,1292.75
1/15/2019,1294.4
1/16/2019,1292.3
1/17/2019,1290.7
1/18/2019,1284.2
1/21/2019,1279.55
1/22/2019,1282.1
1/23/2019,1279.8
1/24/2019,1283.7
1/25/2019,1293.9
1/28/2019,1302.15
1/29/2019,1307.55
1/30/2019,1310.7
1/31/2019,1323.25
2/1/2019,1318.7
2/4/2019,1312.15
2/5/2019,1314.2
2/6/2019,1312.4
2/7/2019,1310
2/8/2019,1314.85
2/11/2019,1306.4
2/12/2019,1310
2/13/2019,1312.8
2/14/2019,1311.45
2/15/2019,1316.55
2/18/2019,1325.5
2/19/2019,1334.15
2/20/2019,1343.75
2/21/2019,1331.25
2/22/2019,1329.05
2/25/2019,1331.05
2/26/2019,1325.05
2/27/2019,1322.85
2/28/2019,1319.15
3/1/2019,1311.95
3/4/2019,1285.4
3/5/2019,1283.8
3/6/2019,1285.85
3/7/2019,1285.3
3/8/2019,1296.75
3/11/2019,1292.75
3/12/2019,1297.05
3/13/2019,1306.95
3/14/2019,1295.55
3/15/2019,1303.5
3/18/2019,1305.6
3/19/2019,1307.7
3/20/2019,1303.7
3/21/2019,1309.6
3/22/2019,1311.3
3/25/2019,1319.55
3/26/2019,1316.3
3/27/2019,1309.7
3/28/2019,1295.15
3/29/2019,1295.4
4/1/2019,1293.5
4/2/2019,1290.3
4/3/2019,1290.45
4/4/2019,1283.15
4/5/2019,1288.45
4/8/2019,1300
4/9/2019,1303
4/10/2019,1305.45
4/11/2019,1298.8
4/12/2019,1294.3
4/15/2019,1285.65
4/16/2019,1276.35
4/17/2019,1275.85
4/18/2019,1275.7
4/19/2019,.
4/22/2019,.
4/23/2019,1269.5
4/24/2019,1271.65
4/25/2019,1280.8
4/26/2019,1284.2
4/29/2019,1279.5
4/30/2019,1282.3
5/1/2019,1283.8
5/2/2019,1270.95
5/3/2019,1278.55
5/6/2019,.
5/7/2019,1281.2
5/8/2019,1285.2
5/9/2019,1286.1
5/10/2019,1287.1
5/13/2019,1295.6
5/14/2019,1298.4
5/15/2019,1299.1
5/16/2019,1291.7
5/17/2019,1280.8
5/20/2019,1276.85
5/21/2019,1271.15
5/22/2019,1273.8
5/23/2019,1283.65
5/24/2019,1282.5
5/27/2019,.
5/28/2019,1278.3
5/29/2019,1281.65
5/30/2019,1280.95
5/31/2019,1295.55
6/3/2019,1317.1
6/4/2019,1324.25
6/5/2019,1335.05
6/6/2019,1335.5
6/7/2019,1340.65
6/10/2019,1328.6
6/11/2019,1324.3
6/12/2019,1332.35
6/13/2019,1335.9
6/14/2019,1351.25
6/17/2019,1341.3
6/18/2019,1341.35
6/19/2019,1344.05
6/20/2019,1379.5
6/21/2019,1397.15
6/24/2019,1405.7
6/25/2019,1431.4
6/26/2019,1403.95
6/27/2019,1402.5
6/28/2019,1409
7/1/2019,1390.1
7/2/2019,1391.05
7/3/2019,1413.5
7/4/2019,1414.9
7/5/2019,1388.65
7/8/2019,1400.1
7/9/2019,1391.55
7/10/2019,1408.3
7/11/2019,1413.75
7/12/2019,1407.6
7/15/2019,1412.4
7/16/2019,1409.85
7/17/2019,1410.35
7/18/2019,1417.45
7/19/2019,1439.7
7/22/2019,1427.75
7/23/2019,1425.55
7/24/2019,1426.95
7/25/2019,1416.1
7/26/2019,1420.4
7/29/2019,1419.05
7/30/2019,1425.9
7/31/2019,1427.55
8/1/2019,1406.8
8/2/2019,1441.75
8/5/2019,1465.25
8/6/2019,1465.25
8/7/2019,1506.05
8/8/2019,1495.75
8/9/2019,1497.7
8/12/2019,1504.7
8/13/2019,1498.4
8/14/2019,1513.25
8/15/2019,1515.65
8/16/2019,1515.25
8/19/2019,1496.6
8/20/2019,1504.55
8/21/2019,1503.25
8/22/2019,1502.05
8/23/2019,1503.8
8/26/2019,.
8/27/2019,1532.95
8/28/2019,1537.15
8/29/2019,1540.2
8/30/2019,1528.4
9/2/2019,1525.95
9/3/2019,1537.85
9/4/2019,1546.1
9/5/2019,1529.1
9/6/2019,1523.7
9/9/2019,1509.2
9/10/2019,1498.25
9/11/2019,1490.65
9/12/2019,1515.2
9/13/2019,1503.1
9/16/2019,1497.2
9/17/2019,1502.1
9/18/2019,1503.5
9/19/2019,1500.7
9/20/2019,1501.9
9/23/2019,1522.1
9/24/2019,1520.65
9/25/2019,1528.75
9/26/2019,1506.4
9/27/2019,1489.9
9/30/2019,1485.3
10/1/2019,1473.45
10/2/2019,1492.6
10/3/2019,1517.1
10/4/2019,1499.15
10/7/2019,1501.25
10/8/2019,1505.85
10/9/2019,1507.25
10/10/2019,1494.8
10/11/2019,1479.15
10/14/2019,1490.6
10/15/2019,1487.8
10/16/2019,1485.1
10/17/2019,1492.65
10/18/2019,.
10/21/2019,1491.65
10/22/2019,1485.35
10/23/2019,1494.45
10/24/2019,1496.55
10/25/2019,1513.45
10/28/2019,1492.4
10/29/2019,1486.75
10/30/2019,1492.1
10/31/2019,1510.95
11/1/2019,1508.8
11/4/2019,1509.45
11/5/2019,1488.95
11/6/2019,1486.05
11/7/2019,1484.25
11/8/2019,1464.15
11/11/2019,1458.7
11/12/2019,1452.05
11/13/2019,1462.9
11/14/2019,1466.65
11/15/2019,1466.9
11/18/2019,1467.65
11/19/2019,1468.45
11/20/2019,1471.7
11/21/2019,1467.05
11/22/2019,1464.45
11/25/2019,1458.4
11/26/2019,1454.65
11/27/2019,1454.35
11/28/2019,1454.65
11/29/2019,1460.15
12/2/2019,1461.15
12/3/2019,1477.3
12/4/2019,1475.1
12/5/2019,1475.95
12/6/2019,1459.65
12/9/2019,1461.7
12/10/2019,1464.95
12/11/2019,1466.8
12/12/2019,1467.8
12/13/2019,1466.6
12/16/2019,1477.9
12/17/2019,1475.8
12/18/2019,1474.05
12/19/2019,1476.7
12/20/2019,1479
12/23/2019,1482.1
12/24/2019,.
12/25/2019,.
12/26/2019,.
12/27/2019,1511.5
12/30/2019,1514.75
12/31/2019,.
1/1/2020,.
1/2/2020,1527.1
1/3/2020,1548.75
1/6/2020,1573.1
1/7/2020,1567.85
1/8/2020,1571.95
1/9/2020,1550.75
1/10/2020,1553.6
1/13/2020,1549.9
1/14/2020,1545.1
1/15/2020,1549
1/16/2020,1554.55
1/17/2020,1557.6
1/20/2020,1560.15
1/21/2020,1551.3
1/22/2020,1556.9
1/23/2020,1562.9
1/24/2020,1564.3
1/27/2020,1580.1
1/28/2020,1574
1/29/2020,1573.45
1/30/2020,1578.25
1/31/2020,1584.2
2/3/2020,1574.75
2/4/2020,1558.35
2/5/2020,1553.3
2/6/2020,1563.3
2/7/2020,.
2/10/2020,1573.2
2/11/2020,1570.5
2/12/2020,1563.7
2/13/2020,1575.05
2/14/2020,1581.4
2/17/2020,1580.8
2/18/2020,1589.85
2/19/2020,1604.2
2/20/2020,1619
2/21/2020,1643.3
2/24/2020,1671.65
2/25/2020,1650.3
2/26/2020,1634.9
2/27/2020,1652
2/28/2020,1609.85
3/2/2020,1599.65
3/3/2020,1615.5
3/4/2020,1641.85
3/5/2020,1659.6
3/6/2020,1683.65
3/9/2020,1672.5
3/10/2020,1655.7
3/11/2020,1653.75
3/12/2020,1570.7
3/13/2020,1562.8
3/16/2020,1487.7
3/17/2020,1536.2
3/18/2020,1498.2
3/19/2020,1474.25
3/20/2020,1494.4
3/23/2020,1525.4
3/24/2020,1605.75
3/25/2020,1605.45
3/26/2020,1634.8
3/27/2020,1617.3
3/30/2020,1618.3
3/31/2020,1608.95
4/1/2020,1576.55
4/2/2020,1616.8
4/3/2020,1613.1
4/6/2020,1648.3
4/7/2020,1649.25
4/8/2020,1647.8
4/9/2020,1680.65
4/10/2020,.
4/13/2020,.
4/14/2020,1741.9
4/15/2020,1718.65
4/16/2020,1729.5
4/17/2020,1692.55
4/20/2020,1686.2
4/21/2020,1682.05
4/22/2020,1710.55
4/23/2020,1736.25
4/24/2020,1715.9
4/27/2020,1714.95
4/28/2020,1691.55
4/29/2020,1703.35
4/30/2020,1702.75
5/1/2020,1686.25
5/4/2020,1709.1
5/5/2020,1699.55
5/6/2020,1691.5
5/7/2020,1704.05
5/8/2020,.
5/11/2020,1702.75
5/12/2020,1702.4
5/13/2020,1708.4
5/14/2020,1731.6
5/15/2020,1735.35
5/18/2020,1734.7
5/19/2020,1737.95
5/20/2020,1748.3
5/21/2020,1724.9
5/22/2020,1733.55
5/25/2020,.
5/26/2020,1720.25
5/27/2020,1694.6
5/28/2020,1717.35
5/29/2020,1728.7
6/1/2020,1730.6
6/2/2020,1742.15
6/3/2020,1705.35
6/4/2020,1700.05
6/5/2020,1683.45
6/8/2020,1690.35
6/9/2020,1713.5
6/10/2020,1722.05
6/11/2020,1738.25
6/12/2020,1733.5
6/15/2020,1710.45
6/16/2020,1719.85
6/17/2020,1724.35
6/18/2020,1719.5
6/19/2020,1734.75
6/22/2020,1761.85
6/23/2020,1768.9
6/24/2020,1766.05
6/25/2020,1756.55
6/26/2020,1747.6
6/29/2020,1771.6
6/30/2020,1768.1
7/1/2020,1771.05
7/2/2020,1777.45
7/3/2020,1772.9
7/6/2020,1787.9
7/7/2020,1789.55
7/8/2020,1811.1
7/9/2020,1812.1
7/10/2020,1803.1
7/13/2020,1807.5
7/14/2020,1801.9
7/15/2020,1804.6
7/16/2020,1807.7
7/17/2020,1807.35
7/20/2020,1815.65
7/21/2020,1842.55
7/22/2020,1852.4
7/23/2020,1878.3
7/24/2020,1902.1
7/27/2020,1936.65
7/28/2020,1940.9
7/29/2020,1950.9
7/30/2020,1957.65
7/31/2020,1964.9
8/3/2020,1958.55
8/4/2020,1977.9
8/5/2020,2048.15
8/6/2020,2067.15
8/7/2020,2031.15
8/10/2020,2044.5
8/11/2020,1939.65
8/12/2020,1931.9
8/13/2020,1944.25
8/14/2020,1944.75
8/17/2020,1972.85
8/18/2020,2008.75
8/19/2020,1981
8/20/2020,1927.15
8/21/2020,1924.35
8/24/2020,1943.95
8/25/2020,1911.15
8/26/2020,1932.95
8/27/2020,1923.85
8/28/2020,1957.35
8/31/2020,.
9/1/2020,1972.35
9/2/2020,1947.05
9/3/2020,1940.45
9/4/2020,1926.3
9/7/2020,1928.45
9/8/2020,1910.95
9/9/2020,1947.2
9/10/2020,1966.25
9/11/2020,1947.4
9/14/2020,1958.7
9/15/2020,1949.35
9/16/2020,1961.8
9/17/2020,1936.25
9/18/2020,1950.85
9/21/2020,1909.35
9/22/2020,1906
9/23/2020,1873.4
9/24/2020,1861.75
9/25/2020,1859.7
9/28/2020,1864.3
9/29/2020,1883.95
9/30/2020,1886.9
10/1/2020,1902
10/2/2020,1903.05
10/5/2020,1909.6
10/6/2020,1913.4
10/7/2020,1884.5
10/8/2020,1887.45
10/9/2020,1923.25
10/12/2020,1925.5
10/13/2020,1891.3
10/14/2020,1910.05
10/15/2020,1891.9
10/16/2020,1905.05
10/19/2020,1905.6
10/20/2020,1898.4
10/21/2020,1924.15
10/22/2020,1900.95
10/23/2020,1903.65
10/26/2020,1898.45
10/27/2020,1905.7
10/28/2020,1869.95
10/29/2020,1870.3
10/30/2020,1881.85
11/2/2020,1889.9
11/3/2020,1908.3
11/4/2020,1900.15
11/5/2020,1938.45
11/6/2020,1940.8
11/9/2020,1867.3
11/10/2020,1878.7
11/11/2020,1860.95
11/12/2020,1874.85
11/13/2020,1890.9
11/16/2020,1885.6
11/17/2020,1889.05
11/18/2020,1876.1
11/19/2020,1857.35
11/20/2020,1875.7
11/23/2020,1840.2
11/24/2020,1799.6
11/25/2020,1810.2
11/26/2020,1807.4
11/27/2020,1779.3
11/30/2020,1762.55
12/1/2020,1810.75
12/2/2020,1822.6
12/3/2020,1832.35
12/4/2020,1843
12/7/2020,1859.95
12/8/2020,1868.15
12/9/2020,1841.75
12/10/2020,1844.35
12/11/2020,1842
12/14/2020,1831.15
12/15/2020,1850.65
12/16/2020,1851.95
12/17/2020,1890.75
12/18/2020,1879.75
12/21/2020,1880
12/22/2020,1877.1
12/23/2020,1875
12/24/2020,.
12/25/2020,.
12/28/2020,.
12/29/2020,1874.3
12/30/2020,1887.6
12/31/2020,.
1/1/2021,.
1/4/2021,1943.2
1/5/2021,1940.35
1/6/2021,1931.95
1/7/2021,1920.1
1/8/2021,1862.9
1/11/2021,1847.25
1/12/2021,1841.25
1/13/2021,1858.85
1/14/2021,1841.75
1/15/2021,1839
1/18/2021,1833.05
1/19/2021,1834.7
1/20/2021,1856.6
1/21/2021,1862.1
1/22/2021,1852.7
1/25/2021,1856.85
1/26/2021,1856.6
1/27/2021,1843
1/28/2021,1853.7
1/29/2021,1863.8
2/1/2021,1862.95
2/2/2021,1833.1
2/3/2021,1835.45
2/4/2021,1785.9
2/5/2021,1802.95
2/8/2021,1835.25
2/9/2021,1839.6
2/10/2021,1842.65
2/11/2021,1840.1
2/12/2021,1816.35
2/15/2021,1817.3
2/16/2021,1794.25
2/17/2021,1780.7
2/18/2021,1773.15
2/19/2021,1786.2
2/22/2021,1807.45
2/23/2021,1799.65
2/24/2021,1788
2/25/2021,1779.65
2/26/2021,1742.85
3/1/2021,1734.15
3/2/2021,1723.85
3/3/2021,1711.4
3/4/2021,1712.1
3/5/2021,1696.25
3/8/2021,1687.05
3/9/2021,1716.9
3/10/2021,1716.2
3/11/2021,1724.25
3/12/2021,1704.8
3/15/2021,1723.65
3/16/2021,1735
3/17/2021,1729.65
3/18/2021,1725.9
3/19/2021,1735.2
3/22/2021,1736.15
3/23/2021,1726.2
3/24/2021,1730.5
3/25/2021,1737.3
3/26/2021,1731.8
3/29/2021,1705.95
3/30/2021,1683.95
3/31/2021,1691.05
4/1/2021,1726.05
4/2/2021,.
4/5/2021,.
4/6/2021,1744.65
4/7/2021,1738.05
4/8/2021,1755.5
4/9/2021,1741.2
4/12/2021,1732.85
4/13/2021,1747.95
4/14/2021,1735.55
4/15/2021,1757.2
4/16/2021,1774.45
4/19/2021,1774.5
4/20/2021,1777.85
4/21/2021,1798.2
4/22/2021,1787.75
4/23/2021,1781.8
4/26/2021,1773.35
4/27/2021,1784.15
4/28/2021,1772.2
4/29/2021,1762.65
4/30/2021,1767.65
5/3/2021,.
5/4/2021,1797.75
5/5/2021,1782.25
5/6/2021,1813.15
5/7/2021,1836.55
5/10/2021,1840.45
5/11/2021,1829.1
5/12/2021,1830.7
5/13/2021,1821.8
5/14/2021,1838.1
5/17/2021,1853.7
5/18/2021,1866.75
5/19/2021,1888.45
5/20/2021,1878.3
5/21/2021,1875.9
5/24/2021,1880.15
5/25/2021,1887
5/26/2021,1899.75
5/27/2021,1891.45
5/28/2021,1899.95
5/31/2021,.
6/1/2021,1899.35
6/2/2021,1902.75
6/3/2021,1866.55
6/4/2021,1890.6
6/7/2021,1888.4
6/8/2021,1893.15
6/9/2021,1894.6
6/10/2021,1888.65
6/11/2021,1881.05
6/14/2021,1865.6
6/15/2021,1865.1
6/16/2021,1860.75
6/17/2021,1778.7
6/18/2021,1773.1
6/21/2021,1775.05
6/22/2021,1775.05
6/23/2021,1791.6
6/24/2021,1784.85
6/25/2021,1786.65
6/28/2021,1780.3
6/29/2021,1755.45
6/30/2021,1763.15
7/1/2021,1781.5
7/2/2021,1786.15
7/5/2021,1791.35
7/6/2021,1809.85
7/7/2021,1804.65
7/8/2021,1807.7
7/9/2021,1806
7/12/2021,1792.4
7/13/2021,1813.85
7/14/2021,1823.2
7/15/2021,1823.75
7/16/2021,1824.3
7/19/2021,1814.9
7/20/2021,1823.05
7/21/2021,1802.15
7/22/2021,1799.45
7/23/2021,1799.6
7/26/2021,1800.2
7/27/2021,1800.35
7/28/2021,1796.6
7/29/2021,1829.3
7/30/2021,1825.75
8/2/2021,1811.45
8/3/2021,1812.65
8/4/2021,1829.1
8/5/2021,1800.75
8/6/2021,1762.9
8/9/2021,1738.85
8/10/2021,1723.35
8/11/2021,1743.6
8/12/2021,1747.4
8/13/2021,1773.85
8/16/2021,1786.35
8/17/2021,1789.45
8/18/2021,1783.45
8/19/2021,1782.05
8/20/2021,1779.05
8/23/2021,1802
8/24/2021,1808.45
8/25/2021,1788.7
8/26/2021,1786.6
8/27/2021,1798.5
8/30/2021,.
8/31/2021,1814.85
9/1/2021,1811.8
9/2/2021,1812.55
9/3/2021,1823.7
9/6/2021,1821.6
9/7/2021,1802.15
9/8/2021,1786
9/9/2021,1788.25
9/10/2021,1794.6
9/13/2021,1793.9
9/14/2021,1792.75
9/15/2021,1796.95
9/16/2021,1747.95
9/17/2021,1755.95
9/20/2021,1757.75
9/21/2021,1774.45
9/22/2021,1773.4
9/23/2021,1750
9/24/2021,1746.8
9/27/2021,1755.3
9/28/2021,1733.75
9/29/2021,1737.15
9/30/2021,1742.8
